{"cameraMode":{"drawMode":0,"name":"Shaded","section":"Shading Mode"},"sceneLighting":true,"audioPlay":false,"sceneViewState":{"showFog":true,"showMaterialUpdate":false,"showSkybox":true,"showFlares":true,"showImageEffects":true,"showParticleSystems":true},"in2DMode":false,"pivot":{"x":10.869999885559082,"y":1.5,"z":9.739999771118164},"rotation":{"x":-0.22453996539115907,"y":-0.19664515554904939,"z":0.046289924532175067,"w":-0.9533444046974182},"size":1.4289418458938599,"orthographic":false}