{"cameraMode":{"drawMode":0,"name":"Shaded","section":"Shading Mode"},"sceneLighting":true,"audioPlay":false,"sceneViewState":{"showFog":true,"showMaterialUpdate":false,"showSkybox":true,"showFlares":true,"showImageEffects":true,"showParticleSystems":true},"in2DMode":false,"pivot":{"x":4.057649612426758,"y":0.5376319885253906,"z":-5.3523383140563969},"rotation":{"x":-0.13290467858314515,"y":-0.8323647975921631,"z":0.22660335898399354,"w":-0.48812007904052737},"size":17.178667068481447,"orthographic":false}